{"incre_win_rate": 0.0, "value_loss": 0.1196277067065239, "policy_loss": -0.0010474978799038582, "dist_entropy": 2.880911350250244, "actor_grad_norm": 0.06872955709695816, "critic_grad_norm": 0.870893120765686, "ratio": 0.9998157620429993, "dead_ratio": 0.1898379052369077, "average_step_rewards": 0.10280817747116089, "eval_average_episode_rewards": 2.5172085762023926, "eval_win_rate": 0.0, "_step": 1139200, "_runtime": 5261, "_timestamp": 1617868456}