{"incre_win_rate": 0.0, "value_loss": 0.10660456717014313, "policy_loss": -0.0004982192412860797, "dist_entropy": 2.8586332321166994, "actor_grad_norm": 0.07344274967908859, "critic_grad_norm": 0.39844152331352234, "ratio": 0.9998747110366821, "dead_ratio": 0.15747090606816294, "average_step_rewards": 0.11225560307502747, "eval_average_episode_rewards": 2.7492611408233643, "eval_win_rate": 0.0, "_step": 3875200, "_runtime": 18371, "_timestamp": 1617936223}