{"incre_win_rate": 0.0, "value_loss": 0.21784179508686066, "policy_loss": -0.0003610465025214893, "dist_entropy": 2.9815762042999268, "actor_grad_norm": 0.037179674953222275, "critic_grad_norm": 0.7671837210655212, "ratio": 0.9998965263366699, "dead_ratio": 0.1813954696591854, "average_step_rewards": 0.08955122530460358, "eval_average_episode_rewards": 3.1285641193389893, "eval_win_rate": 0.0, "_step": 134400, "_runtime": 234, "_timestamp": 1618537769}