{"incre_win_rate": 0.943502824858757, "value_loss": 0.007460832316428423, "policy_loss": -0.001986524161405434, "dist_entropy": 0.9934796690940857, "actor_grad_norm": 0.09514112770557404, "critic_grad_norm": 0.12775802612304688, "ratio": 0.9998010993003845, "dead_ratio": 0.02156068162926017, "average_step_rewards": 0.2216874212026596, "eval_average_episode_rewards": 19.745312213897705, "eval_win_rate": 0.96875, "_step": 6019200, "_runtime": 26203, "_timestamp": 1617869060}