{"incre_win_rate": 0.0, "value_loss": 0.04241970106959343, "policy_loss": -0.0011885260364977058, "dist_entropy": 0.896548867225647, "actor_grad_norm": 0.0593721866607666, "critic_grad_norm": 0.11495913565158844, "ratio": 0.9999910593032837, "dead_ratio": 0.2020989193682461, "average_step_rewards": 0.157096266746521, "eval_average_episode_rewards": 6.684662818908691, "eval_win_rate": 0.0, "_step": 9987200, "_runtime": 46762, "_timestamp": 1617931164}