{"incre_win_rate": 0.0, "value_loss": 0.04848498553037643, "policy_loss": -0.0009660815073061713, "dist_entropy": 2.7765194892883303, "actor_grad_norm": 0.0833890289068222, "critic_grad_norm": 0.17819485068321228, "ratio": 1.0000797510147095, "dead_ratio": 0.1563798836242727, "average_step_rewards": 0.116317518055439, "eval_average_episode_rewards": 3.0413825511932373, "eval_win_rate": 0.0, "_step": 883200, "_runtime": 2404, "_timestamp": 1618367040}