{"incre_win_rate": 0.0, "value_loss": 0.054588311910629274, "policy_loss": -0.0009580366181651812, "dist_entropy": 2.790043497085571, "actor_grad_norm": 0.06806273758411407, "critic_grad_norm": 0.2649726867675781, "ratio": 0.9999701380729675, "dead_ratio": 0.16427680798004984, "average_step_rewards": 0.11654140800237656, "eval_average_episode_rewards": 3.500946521759033, "eval_win_rate": 0.0, "_step": 1171200, "_runtime": 3131, "_timestamp": 1618367767}