{"incre_win_rate": 0.0, "value_loss": 1.0214686512947082, "policy_loss": -0.0024290943556536603, "dist_entropy": 3.0068584442138673, "actor_grad_norm": 0.07082318514585495, "critic_grad_norm": 2.074740409851074, "ratio": 1.0000388622283936, "dead_ratio": 0.17206982543640903, "average_step_rewards": 0.09114672988653183, "eval_average_episode_rewards": 3.0206689834594727, "eval_win_rate": 0.0, "_step": 3200, "_runtime": 881, "_timestamp": 1617679656}