{"incre_win_rate": 0.911144578313253, "value_loss": 0.25023654401302337, "policy_loss": -0.0009261457317762733, "dist_entropy": 0.1377989560365677, "actor_grad_norm": 0.18526679277420044, "critic_grad_norm": 0.2069917917251587, "ratio": 0.9995563626289368, "dead_ratio": 0.18173316708229426, "average_step_rewards": 0.7654109597206116, "eval_average_episode_rewards": 19.60445205479452, "eval_win_rate": 0.96875, "_step": 9987200, "_runtime": 23028, "_timestamp": 1617913397}