{"incre_win_rate": 0.0, "value_loss": 0.07093375474214554, "policy_loss": -0.00041300775005197464, "dist_entropy": 2.185811758041382, "actor_grad_norm": 0.07406099140644073, "critic_grad_norm": 0.6773630976676941, "ratio": 1.0002378225326538, "dead_ratio": 0.18121363258520362, "average_step_rewards": 0.08287213742733002, "eval_average_episode_rewards": 1.9834916591644287, "eval_win_rate": 0.0, "_step": 115200, "_runtime": 614, "_timestamp": 1617870089}