{"incre_win_rate": 0.0, "value_loss": 0.13413285315036774, "policy_loss": -0.0002338015482534317, "dist_entropy": 2.8902198314666747, "actor_grad_norm": 0.057678889483213425, "critic_grad_norm": 0.9178211092948914, "ratio": 0.9999622702598572, "dead_ratio": 0.15684746467165422, "average_step_rewards": 0.10902314633131027, "eval_average_episode_rewards": 2.6452291011810303, "eval_win_rate": 0.0, "_step": 3459200, "_runtime": 15660, "_timestamp": 1617884124}