{"incre_win_rate": 0.0, "value_loss": 0.048439792543649676, "policy_loss": -0.00012957406608933298, "dist_entropy": 2.8852538108825683, "actor_grad_norm": 0.05594853311777115, "critic_grad_norm": 0.24895285069942474, "ratio": 1.000091314315796, "dead_ratio": 0.16734206151288444, "average_step_rewards": 0.1087735965847969, "eval_average_episode_rewards": 3.0369036197662354, "eval_win_rate": 0.0, "_step": 1699200, "_runtime": 8104, "_timestamp": 1617804294}