{"incre_win_rate": 0.0, "value_loss": 5.078574025630951, "policy_loss": -0.0041329836572082, "dist_entropy": 2.5950406551361085, "actor_grad_norm": 0.1665993332862854, "critic_grad_norm": 10.943891525268555, "ratio": 0.9994527697563171, "dead_ratio": 0.31421446384039897, "average_step_rewards": 0.06874506175518036, "eval_average_episode_rewards": 2.071415662765503, "eval_win_rate": 0.0, "_step": 35200, "_runtime": 263, "_timestamp": 1617698776}