{"incre_win_rate": 0.0, "value_loss": 0.05297064930200577, "policy_loss": -0.00041252442957073754, "dist_entropy": 2.919379186630249, "actor_grad_norm": 0.05580629035830498, "critic_grad_norm": 0.3063688576221466, "ratio": 0.9999853372573853, "dead_ratio": 0.16360141313383214, "average_step_rewards": 0.11000116914510727, "eval_average_episode_rewards": 2.8665390014648438, "eval_win_rate": 0.0, "_step": 3619200, "_runtime": 16571, "_timestamp": 1617863175}