{"incre_win_rate": 0.0, "value_loss": 0.04022532626986504, "policy_loss": -0.0009945095048976781, "dist_entropy": 2.14471116065979, "actor_grad_norm": 0.09782952070236206, "critic_grad_norm": 0.0900268703699112, "ratio": 0.9999038577079773, "dead_ratio": 0.16635494596841227, "average_step_rewards": 0.151405468583107, "eval_average_episode_rewards": 6.363601446151733, "eval_win_rate": 0.0, "_step": 9990400, "_runtime": 16193, "_timestamp": 1618423802}