{"incre_win_rate": 0.0, "value_loss": 0.09070814698934555, "policy_loss": -0.0006165709657125262, "dist_entropy": 1.8948222875595093, "actor_grad_norm": 0.05227963998913765, "critic_grad_norm": 0.20511551201343536, "ratio": 1.0001025199890137, "dead_ratio": 0.16861492103075648, "average_step_rewards": 0.09243672341108322, "eval_average_episode_rewards": 2.284069061279297, "eval_win_rate": 0.0, "_step": 422400, "_runtime": 721, "_timestamp": 1618408330}