{"incre_win_rate": 0.0, "value_loss": 0.37922338843345643, "policy_loss": -0.0035313629153847616, "dist_entropy": 2.9450119972229003, "actor_grad_norm": 0.11470913887023926, "critic_grad_norm": 1.9169886112213135, "ratio": 0.9997796416282654, "dead_ratio": 0.18801953449709063, "average_step_rewards": 0.09148813039064407, "eval_average_episode_rewards": 2.530324935913086, "eval_win_rate": 0.0, "_step": 19200, "_runtime": 119, "_timestamp": 1618369563}