{"incre_win_rate": 0.0, "value_loss": 1.1029208898544312, "policy_loss": -0.002281192026704559, "dist_entropy": 3.024466848373413, "actor_grad_norm": 0.0836576372385025, "critic_grad_norm": 2.7954049110412598, "ratio": 0.9998736381530762, "dead_ratio": 0.16817331670822944, "average_step_rewards": 0.09076923877000809, "eval_average_episode_rewards": 2.1496925354003906, "eval_win_rate": 0.0, "_step": 3200, "_runtime": 126, "_timestamp": 1617677888}