{"incre_win_rate": 0.9883720930232558, "value_loss": 0.25759040117263793, "policy_loss": -0.0006762809379159407, "dist_entropy": 0.576255738735199, "actor_grad_norm": 0.08403551578521729, "critic_grad_norm": 0.13669176399707794, "ratio": 0.9997111558914185, "dead_ratio": 0.0518495428096426, "average_step_rewards": 0.9408048391342163, "eval_average_episode_rewards": 20.0, "eval_win_rate": 1.0, "_step": 9555200, "_runtime": 22803, "_timestamp": 1617936207}