{"incre_win_rate": 0.0, "value_loss": 0.30686440467834475, "policy_loss": -0.0008558640401929551, "dist_entropy": 2.158597135543823, "actor_grad_norm": 0.14843454957008362, "critic_grad_norm": 0.12667009234428406, "ratio": 0.9999138116836548, "dead_ratio": 0.16580943474646714, "average_step_rewards": 0.15577276051044464, "eval_average_episode_rewards": 4.949469566345215, "eval_win_rate": 0.0, "_step": 2214400, "_runtime": 3383, "_timestamp": 1618537475}