{"incre_win_rate": 0.9949494949494949, "value_loss": 0.2010595142841339, "policy_loss": -0.0009794562982058607, "dist_entropy": 0.4922578752040863, "actor_grad_norm": 0.07094069570302963, "critic_grad_norm": 0.10963040590286255, "ratio": 0.9999416470527649, "dead_ratio": 0.0297173732335827, "average_step_rewards": 0.9805309176445007, "eval_average_episode_rewards": 20.0, "eval_win_rate": 1.0, "_step": 9987200, "_runtime": 23225, "_timestamp": 1617914039}