{"incre_win_rate": 0.0, "value_loss": 0.06918735355138779, "policy_loss": -0.0012401935100228912, "dist_entropy": 2.0221933841705324, "actor_grad_norm": 0.11725734919309616, "critic_grad_norm": 0.2477128803730011, "ratio": 1.000291109085083, "dead_ratio": 0.1700436408977556, "average_step_rewards": 0.12635810673236847, "eval_average_episode_rewards": 4.5500404834747314, "eval_win_rate": 0.0, "_step": 1219200, "_runtime": 3575, "_timestamp": 1618282531}