{"incre_win_rate": 0.9475862068965517, "value_loss": 0.06434121280908585, "policy_loss": -0.0006781610136093796, "dist_entropy": 0.1336252897977829, "actor_grad_norm": 0.07883387804031372, "critic_grad_norm": 0.2616264522075653, "ratio": 1.0000437498092651, "dead_ratio": 0.17092684954280968, "average_step_rewards": 0.8673630952835083, "eval_average_episode_rewards": 19.63527397260274, "eval_win_rate": 0.96875, "_step": 739200, "_runtime": 1755, "_timestamp": 1617939125}