{"incre_win_rate": 0.0, "value_loss": 2.75382533800439e-05, "policy_loss": -0.0018227583490443068, "dist_entropy": 1.1201204061508179, "actor_grad_norm": 0.11259325593709946, "critic_grad_norm": 0.04211470112204552, "ratio": 0.9999951720237732, "dead_ratio": 0.5450436408977556, "average_step_rewards": 0.011949067004024982, "eval_average_episode_rewards": 1.0385644435882568, "eval_win_rate": 0.0, "_step": 2339200, "_runtime": 10163, "_timestamp": 1617788688}