{"incre_win_rate": 0.0, "value_loss": 0.05926615372300148, "policy_loss": -0.0002928021639434064, "dist_entropy": 2.8691691398620605, "actor_grad_norm": 0.04216646030545235, "critic_grad_norm": 0.13249245285987854, "ratio": 0.9999972581863403, "dead_ratio": 0.15941916043225268, "average_step_rewards": 0.11284051090478897, "eval_average_episode_rewards": 2.680910110473633, "eval_win_rate": 0.0, "_step": 294400, "_runtime": 559, "_timestamp": 1618408326}