{"incre_win_rate": 0.0, "value_loss": 0.028900941461324693, "policy_loss": -0.0016674046449850267, "dist_entropy": 1.0234931230545044, "actor_grad_norm": 0.22658288478851318, "critic_grad_norm": 0.08759495615959167, "ratio": 0.9999164938926697, "dead_ratio": 0.20054031587697418, "average_step_rewards": 0.26037219166755676, "eval_average_episode_rewards": 9.621931076049805, "eval_win_rate": 0.0, "_step": 9990400, "_runtime": 16280, "_timestamp": 1618424047}