{"incre_win_rate": 0.9375, "value_loss": 0.010381635837256908, "policy_loss": -0.001840379568065187, "dist_entropy": 1.158411407470703, "actor_grad_norm": 0.08157844841480255, "critic_grad_norm": 0.060954976826906204, "ratio": 1.0003689527511597, "dead_ratio": 0.043900665004156236, "average_step_rewards": 0.19642318785190582, "eval_average_episode_rewards": 19.69927453994751, "eval_win_rate": 0.9375, "_step": 4115200, "_runtime": 9368, "_timestamp": 1618380576}