{"incre_win_rate": 0.9381761978361669, "value_loss": 0.06000653654336929, "policy_loss": -0.00022372588576615726, "dist_entropy": 0.09607434421777725, "actor_grad_norm": 0.0697682574391365, "critic_grad_norm": 0.09176500886678696, "ratio": 0.9998095631599426, "dead_ratio": 0.2065669160432253, "average_step_rewards": 0.765496551990509, "eval_average_episode_rewards": 20.0, "eval_win_rate": 1.0, "_step": 2515200, "_runtime": 6144, "_timestamp": 1617890290}