{"incre_win_rate": 0.0, "value_loss": 0.3561120510101318, "policy_loss": -0.0030893150030927075, "dist_entropy": 1.4693862438201903, "actor_grad_norm": 0.13152019679546356, "critic_grad_norm": 1.0686616897583008, "ratio": 0.9991979002952576, "dead_ratio": 0.22589359933499586, "average_step_rewards": 0.1920890361070633, "eval_average_episode_rewards": 0.0, "eval_win_rate": 0.0, "_step": 35200, "_runtime": 121, "_timestamp": 1617890799}