{"incre_win_rate": 0.8462732919254659, "value_loss": 0.08506499230861664, "policy_loss": -0.0003862919286987676, "dist_entropy": 0.1098065659403801, "actor_grad_norm": 0.10309387743473053, "critic_grad_norm": 0.19378168880939484, "ratio": 0.9996933341026306, "dead_ratio": 0.20521612635078967, "average_step_rewards": 0.725119948387146, "eval_average_episode_rewards": 17.67808219178082, "eval_win_rate": 0.8125, "_step": 1187200, "_runtime": 2691, "_timestamp": 1617939118}