{"incre_win_rate": 0.0, "value_loss": 5.156721222400665, "policy_loss": -0.0030758592588579605, "dist_entropy": 2.475862407684326, "actor_grad_norm": 0.12159315496683121, "critic_grad_norm": 10.938344955444336, "ratio": 1.0003881454467773, "dead_ratio": 0.31603283458021614, "average_step_rewards": 0.057465847581624985, "eval_average_episode_rewards": 2.1711294651031494, "eval_win_rate": 0.0, "_step": 35200, "_runtime": 245, "_timestamp": 1617680475}