{"incre_win_rate": 0.0, "value_loss": 5.21772500872612, "policy_loss": -0.0025818787190929116, "dist_entropy": 2.6445611000061033, "actor_grad_norm": 0.11241097748279572, "critic_grad_norm": 12.146639823913574, "ratio": 0.999630868434906, "dead_ratio": 0.26023482959268496, "average_step_rewards": 0.07159426808357239, "eval_average_episode_rewards": 2.1496925354003906, "eval_win_rate": 0.0, "_step": 35200, "_runtime": 252, "_timestamp": 1617677136}