{"incre_win_rate": 0.0, "value_loss": 0.1282690644264221, "policy_loss": -0.00046183694616157566, "dist_entropy": 2.9157253742218017, "actor_grad_norm": 0.05039491876959801, "critic_grad_norm": 0.9566790461540222, "ratio": 1.0000170469284058, "dead_ratio": 0.15970490440565255, "average_step_rewards": 0.107223741710186, "eval_average_episode_rewards": 2.9138286113739014, "eval_win_rate": 0.0, "_step": 1043200, "_runtime": 5040, "_timestamp": 1617936213}