{"incre_win_rate": 0.0, "value_loss": 0.06203906983137131, "policy_loss": -0.001030327071987358, "dist_entropy": 1.6798326969146729, "actor_grad_norm": 0.11765237152576447, "critic_grad_norm": 0.189304918050766, "ratio": 1.000228762626648, "dead_ratio": 0.21326891105569412, "average_step_rewards": 0.09810753911733627, "eval_average_episode_rewards": 3.914821147918701, "eval_win_rate": 0.0, "_step": 2179200, "_runtime": 5259, "_timestamp": 1618367040}