{"incre_win_rate": 0.0, "value_loss": 0.05820147469639778, "policy_loss": -0.0009856145133312565, "dist_entropy": 1.657693123817444, "actor_grad_norm": 0.10909450054168701, "critic_grad_norm": 0.11977998167276382, "ratio": 0.9992305040359497, "dead_ratio": 0.21467165419783873, "average_step_rewards": 0.09393325448036194, "eval_average_episode_rewards": 3.8959286212921143, "eval_win_rate": 0.0, "_step": 2483200, "_runtime": 5991, "_timestamp": 1618367772}