{"incre_win_rate": 0.0, "value_loss": 0.025078454986214638, "policy_loss": -0.001257628633354102, "dist_entropy": 1.2493041038513184, "actor_grad_norm": 0.16715779900550842, "critic_grad_norm": 0.06697134673595428, "ratio": 1.000166893005371, "dead_ratio": 0.20022859517871983, "average_step_rewards": 0.25541019439697266, "eval_average_episode_rewards": 9.33025074005127, "eval_win_rate": 0.0, "_step": 9990400, "_runtime": 14709, "_timestamp": 1618395651}