{"incre_win_rate": 0.0, "value_loss": 0.0334431029856205, "policy_loss": -0.0018282310855283867, "dist_entropy": 0.9860540747642517, "actor_grad_norm": 0.14047285914421082, "critic_grad_norm": 0.0897320881485939, "ratio": 0.9993179440498352, "dead_ratio": 0.21446384039900246, "average_step_rewards": 0.21250584721565247, "eval_average_episode_rewards": 8.159689903259277, "eval_win_rate": 0.0, "_step": 9987200, "_runtime": 45537, "_timestamp": 1617834452}