{"incre_win_rate": 0.0, "value_loss": 0.05409125238656998, "policy_loss": -0.0013343893522844042, "dist_entropy": 1.9033780097961426, "actor_grad_norm": 0.11992032825946808, "critic_grad_norm": 0.1642274111509323, "ratio": 1.0004162788391113, "dead_ratio": 0.23337489609310058, "average_step_rewards": 0.10937496274709702, "eval_average_episode_rewards": 4.9080493450164795, "eval_win_rate": 0.0, "_step": 4595200, "_runtime": 10689, "_timestamp": 1618380853}