{"incre_win_rate": 0.0, "value_loss": 0.0705854669213295, "policy_loss": -0.0007709092633164438, "dist_entropy": 1.901148223876953, "actor_grad_norm": 0.07357712090015411, "critic_grad_norm": 0.2524402439594269, "ratio": 1.0000413656234741, "dead_ratio": 0.26044264339152123, "average_step_rewards": 0.08401471376419067, "eval_average_episode_rewards": 2.5045714378356934, "eval_win_rate": 0.0, "_step": 211200, "_runtime": 522, "_timestamp": 1618370686}