{"incre_win_rate": 0.11458333333333333, "value_loss": 0.10960203856229782, "policy_loss": -0.0019304713077872293, "dist_entropy": 1.4941440105438233, "actor_grad_norm": 0.094351626932621, "critic_grad_norm": 0.45318469405174255, "ratio": 0.9997709393501282, "dead_ratio": 0.21586658354114718, "average_step_rewards": 0.08943179994821548, "eval_average_episode_rewards": 7.638408422470093, "eval_win_rate": 0.0, "_step": 1027200, "_runtime": 2886, "_timestamp": 1618282509}