{"incre_win_rate": 0.0, "value_loss": 0.3860135316848755, "policy_loss": -0.002662038084839935, "dist_entropy": 2.9569464206695555, "actor_grad_norm": 0.1088331937789917, "critic_grad_norm": 1.63540780544281, "ratio": 1.0003098249435425, "dead_ratio": 0.17352452202826263, "average_step_rewards": 0.09978479146957397, "eval_average_episode_rewards": 3.2292308807373047, "eval_win_rate": 0.0, "_step": 19200, "_runtime": 5100, "_timestamp": 1617884414}