{"incre_win_rate": 0.0, "value_loss": 0.07831612676382065, "policy_loss": -0.0008714873521739718, "dist_entropy": 2.1300068378448485, "actor_grad_norm": 0.08039847016334534, "critic_grad_norm": 0.4386153817176819, "ratio": 0.9997307658195496, "dead_ratio": 0.16817331670822944, "average_step_rewards": 0.1152614876627922, "eval_average_episode_rewards": 3.2271053791046143, "eval_win_rate": 0.0, "_step": 995200, "_runtime": 2281, "_timestamp": 1618370085}