{"incre_win_rate": 0.0, "value_loss": 0.05960086658596993, "policy_loss": -0.0004173069037069155, "dist_entropy": 2.0953265190124513, "actor_grad_norm": 0.10791496187448502, "critic_grad_norm": 0.24201563000679016, "ratio": 1.0004125833511353, "dead_ratio": 0.1585619285120532, "average_step_rewards": 0.113937146961689, "eval_average_episode_rewards": 3.2896604537963867, "eval_win_rate": 0.0, "_step": 819200, "_runtime": 1912, "_timestamp": 1618369716}