{"incre_win_rate": 0.0, "value_loss": 0.05527637526392937, "policy_loss": -0.0009004767643361333, "dist_entropy": 2.133899974822998, "actor_grad_norm": 0.11948128789663315, "critic_grad_norm": 0.1283113807439804, "ratio": 1.0005544424057007, "dead_ratio": 0.20843724023275145, "average_step_rewards": 0.10444042831659317, "eval_average_episode_rewards": 3.849463701248169, "eval_win_rate": 0.0, "_step": 915200, "_runtime": 2118, "_timestamp": 1618369922}