{"incre_win_rate": 0.056451612903225805, "value_loss": 0.04942790493369102, "policy_loss": -0.001010037577847811, "dist_entropy": 1.146499252319336, "actor_grad_norm": 0.07229014486074448, "critic_grad_norm": 0.17416995763778687, "ratio": 1.000261664390564, "dead_ratio": 0.42497921862011634, "average_step_rewards": 0.07451822608709335, "eval_average_episode_rewards": 10.62943434715271, "eval_win_rate": 0.03125, "_step": 9987200, "_runtime": 21762, "_timestamp": 1618348477}