{"incre_win_rate": 0.0, "value_loss": 1.1211098670959472, "policy_loss": -0.0019084576743068737, "dist_entropy": 3.0244448661804197, "actor_grad_norm": 0.06761496514081955, "critic_grad_norm": 2.631718873977661, "ratio": 0.9997291564941406, "dead_ratio": 0.16817331670822944, "average_step_rewards": 0.09076923877000809, "_step": 3200, "_runtime": 37, "_timestamp": 1617242081}