{"incre_win_rate": 0.05327868852459016, "value_loss": 0.06544761210680008, "policy_loss": -0.0009299863187806068, "dist_entropy": 1.3345912933349608, "actor_grad_norm": 0.0787706971168518, "critic_grad_norm": 0.13452918827533722, "ratio": 1.0001217126846313, "dead_ratio": 0.3667653782211139, "average_step_rewards": 0.08728987723588943, "eval_average_episode_rewards": 10.962686538696289, "eval_win_rate": 0.03125, "_step": 9990400, "_runtime": 15221, "_timestamp": 1618405126}