{"incre_win_rate": 0.0, "value_loss": 0.03988700807094574, "policy_loss": -0.001961300171736724, "dist_entropy": 1.9047693014144897, "actor_grad_norm": 0.1414293646812439, "critic_grad_norm": 0.06715591996908188, "ratio": 0.9997825026512146, "dead_ratio": 0.20391729010806314, "average_step_rewards": 0.1432848870754242, "eval_average_episode_rewards": 7.383033752441406, "eval_win_rate": 0.0, "_step": 9987200, "_runtime": 47731, "_timestamp": 1617917845}