{"incre_win_rate": 0.0, "value_loss": 0.2595834255218506, "policy_loss": -0.0004619330203937011, "dist_entropy": 2.1451544761657715, "actor_grad_norm": 0.04296798259019852, "critic_grad_norm": 0.19159755110740662, "ratio": 1.0002230405807495, "dead_ratio": 0.15822423108894434, "average_step_rewards": 0.11412638425827026, "eval_average_episode_rewards": 3.061155080795288, "eval_win_rate": 0.0, "_step": 1382400, "_runtime": 2188, "_timestamp": 1618628726}