{"incre_win_rate": 0.0, "value_loss": 0.04184812605381012, "policy_loss": -0.0004139178569971591, "dist_entropy": 1.7300780773162843, "actor_grad_norm": 0.04916666820645332, "critic_grad_norm": 0.11727716773748398, "ratio": 1.000003457069397, "dead_ratio": 0.4365128844555278, "average_step_rewards": 0.06613930314779282, "eval_average_episode_rewards": 7.8337180614471436, "eval_win_rate": 0.0, "_step": 5171200, "_runtime": 23086, "_timestamp": 1617351666}