{"incre_win_rate": 0.0, "value_loss": 0.11689946800470352, "policy_loss": -0.0005924809134981501, "dist_entropy": 0.1471893697977066, "actor_grad_norm": 0.07450643181800842, "critic_grad_norm": 0.13106153905391693, "ratio": 0.9996563792228699, "dead_ratio": 0.20303408146300916, "average_step_rewards": 0.06133413314819336, "eval_average_episode_rewards": 2.3936972618103027, "eval_win_rate": 0.0, "_step": 8323200, "_runtime": 37682, "_timestamp": 1617841987}