{"incre_win_rate": 0.0, "value_loss": 3.097732651233673, "policy_loss": -0.0008508534363500075, "dist_entropy": 2.9388094425201414, "actor_grad_norm": 0.07529820501804352, "critic_grad_norm": 8.306159019470215, "ratio": 0.9998930096626282, "dead_ratio": 0.1897339983374896, "average_step_rewards": 0.08637171238660812, "eval_average_episode_rewards": 2.1496925354003906, "eval_win_rate": 0.0, "_step": 19200, "_runtime": 171, "_timestamp": 1617678388}