{"incre_win_rate": 0.9891304347826086, "value_loss": 0.02515265941619873, "policy_loss": -0.00022084048354407138, "dist_entropy": 0.07911467552185059, "actor_grad_norm": 0.06600158661603928, "critic_grad_norm": 0.048930536955595016, "ratio": 0.9992341995239258, "dead_ratio": 0.05652535328345798, "average_step_rewards": 1.0399314165115356, "eval_average_episode_rewards": 19.5736301369863, "eval_win_rate": 0.96875, "_step": 2211200, "_runtime": 5407, "_timestamp": 1617890631}