{"incre_win_rate": 0.0, "value_loss": 0.22044641375541688, "policy_loss": -0.0002640869309956884, "dist_entropy": 1.892816686630249, "actor_grad_norm": 0.04754595085978508, "critic_grad_norm": 0.1424272656440735, "ratio": 0.9998372197151184, "dead_ratio": 0.16814733998337494, "average_step_rewards": 0.09793063998222351, "eval_average_episode_rewards": 2.583033323287964, "eval_win_rate": 0.0, "_step": 486400, "_runtime": 881, "_timestamp": 1618628708}