{"incre_win_rate": 0.0, "value_loss": 0.22539503276348113, "policy_loss": -0.0002613419641534165, "dist_entropy": 1.9632992029190064, "actor_grad_norm": 0.058673422783613205, "critic_grad_norm": 0.2832443416118622, "ratio": 0.9999772906303406, "dead_ratio": 0.16643287614297586, "average_step_rewards": 0.10034453868865967, "eval_average_episode_rewards": 2.039921998977661, "eval_win_rate": 0.0, "_step": 518400, "_runtime": 818, "_timestamp": 1618540255}