{"incre_win_rate": 0.0, "value_loss": 0.26791205406188967, "policy_loss": -0.00035635304414967096, "dist_entropy": 2.119713544845581, "actor_grad_norm": 0.04651505500078201, "critic_grad_norm": 0.4100843369960785, "ratio": 1.0001312494277954, "dead_ratio": 0.15752285951787204, "average_step_rewards": 0.11953440308570862, "eval_average_episode_rewards": 2.789937973022461, "eval_win_rate": 0.0, "_step": 1254400, "_runtime": 1891, "_timestamp": 1618541328}