{"incre_win_rate": 0.9371069182389937, "value_loss": 0.009741762839257716, "policy_loss": -0.0018458686329756446, "dist_entropy": 1.0962997674942017, "actor_grad_norm": 0.08535080403089523, "critic_grad_norm": 0.09984584897756577, "ratio": 1.0000219345092773, "dead_ratio": 0.0464463840399002, "average_step_rewards": 0.1987101286649704, "eval_average_episode_rewards": 19.130215167999268, "eval_win_rate": 0.84375, "_step": 4691200, "_runtime": 20441, "_timestamp": 1617262624}