{"incre_win_rate": 0.0, "value_loss": 0.11877043098211289, "policy_loss": -0.0014286572432581578, "dist_entropy": 1.7740697860717773, "actor_grad_norm": 0.1865874081850052, "critic_grad_norm": 0.2883361279964447, "ratio": 0.9997722506523132, "dead_ratio": 0.1784600997506235, "average_step_rewards": 0.15787926316261292, "eval_average_episode_rewards": 6.752126455307007, "eval_win_rate": 0.0, "_step": 9990400, "_runtime": 16344, "_timestamp": 1618559541}