{"incre_win_rate": 0.9661898569570871, "value_loss": 0.2918728768825531, "policy_loss": -0.0006248070217426793, "dist_entropy": 0.5651681542396545, "actor_grad_norm": 0.08975478261709213, "critic_grad_norm": 0.19224345684051514, "ratio": 0.9999096989631653, "dead_ratio": 0.041147132169576106, "average_step_rewards": 0.9460617303848267, "eval_average_episode_rewards": 20.0, "eval_win_rate": 1.0, "_step": 9379200, "_runtime": 22157, "_timestamp": 1617936204}