{"incre_win_rate": 0.0, "value_loss": 0.22743480801582336, "policy_loss": -0.0015734485525143783, "dist_entropy": 2.118444395065308, "actor_grad_norm": 0.15031902492046356, "critic_grad_norm": 0.07652351260185242, "ratio": 0.9997503161430359, "dead_ratio": 0.16022443890274318, "average_step_rewards": 0.17201919853687286, "eval_average_episode_rewards": 6.675777196884155, "eval_win_rate": 0.0, "_step": 9990400, "_runtime": 16366, "_timestamp": 1618557653}