{"incre_win_rate": 0.0, "value_loss": 0.2806590676307678, "policy_loss": -0.0006777810750847379, "dist_entropy": 2.2667033195495607, "actor_grad_norm": 0.0699438527226448, "critic_grad_norm": 0.21511664986610413, "ratio": 1.000106692314148, "dead_ratio": 0.15957502078137986, "average_step_rewards": 0.11970032751560211, "eval_average_episode_rewards": 3.229761838912964, "eval_win_rate": 0.0, "_step": 1030400, "_runtime": 1709, "_timestamp": 1618537470}