{"incre_win_rate": 0.0, "value_loss": 0.07585178315639496, "policy_loss": -0.0009194559003688596, "dist_entropy": 2.6743635177612304, "actor_grad_norm": 0.07455458492040634, "critic_grad_norm": 0.3759687840938568, "ratio": 0.9996248483657837, "dead_ratio": 0.1692643391521197, "average_step_rewards": 0.12028691917657852, "eval_average_episode_rewards": 3.6045894622802734, "eval_win_rate": 0.0, "_step": 995200, "_runtime": 4655, "_timestamp": 1617698216}