{"incre_win_rate": 0.0, "value_loss": 1.010754406452179, "policy_loss": -0.0029393064086031375, "dist_entropy": 3.0067756175994873, "actor_grad_norm": 0.08906863629817963, "critic_grad_norm": 2.2715930938720703, "ratio": 0.9999626278877258, "dead_ratio": 0.17206982543640903, "average_step_rewards": 0.09114672988653183, "eval_average_episode_rewards": 3.2292308807373047, "eval_win_rate": 0.0, "_step": 3200, "_runtime": 335, "_timestamp": 1617869466}