{"incre_win_rate": 0.0, "value_loss": 0.04677272215485573, "policy_loss": -0.0007387435766510464, "dist_entropy": 0.2223644495010376, "actor_grad_norm": 0.11176981776952744, "critic_grad_norm": 0.16273264586925507, "ratio": 1.0001107454299927, "dead_ratio": 0.25202618453865333, "average_step_rewards": 0.04089564457535744, "eval_average_episode_rewards": 1.809004783630371, "eval_win_rate": 0.0, "_step": 1683200, "_runtime": 7533, "_timestamp": 1617841991}